<?xml version="1.0" encoding="UTF-8"?>
<project-private xmlns="http://www.netbeans.org/ns/project-private/1">
    <editor-bookmarks xmlns="http://www.netbeans.org/ns/editor-bookmarks/2" lastBookmarkId="0"/>
    <open-files xmlns="http://www.netbeans.org/ns/projectui-open-files/2">
        <group>
            <file>file:/D:/Programming%202%20Projects/elbecr_P2/src/elbecr_p2/Message.java</file>
            <file>file:/D:/Programming%202%20Projects/elbecr_P2/src/elbecr_p2/Employee.java</file>
            <file>file:/D:/Programming%202%20Projects/elbecr_P2/src/elbecr_p2/Balloon.java</file>
            <file>file:/D:/Programming%202%20Projects/elbecr_P2/src/elbecr_p2/Battery.java</file>
            <file>file:/D:/Programming%202%20Projects/elbecr_P2/src/elbecr_p2/P2Tester.java</file>
            <file>file:/D:/Programming%202%20Projects/elbecr_P2/src/elbecr_p2/Bug.java</file>
        </group>
    </open-files>
</project-private>
